project_id,deployment_id,placename,start_date,end_date,failure_1_start,failure_1_end
2006601,BCAM1_2023Jan27_SD23,BCAM1,2022-12-22T00:00:00Z,2023-01-27T00:00:00Z,NA,NA
2006601,BCAM1_2023Mar13_SD28,BCAM1,2023-01-27T00:00:00Z,2023-03-10T00:00:00Z,NA,NA
2006601,BCAM1_2024Apr6_SD40,BCAM1,2024-03-09T00:00:00Z,2024-04-06T00:00:00Z,NA,NA
2006601,BCAM1_2024Aug4_SD44,BCAM1,2024-06-26T00:00:00Z,2024-08-04T00:00:00Z,NA,NA
2006601,BCAM1_2024Dec21_SD47,BCAM1,2024-11-07T00:00:00Z,2024-12-21T00:00:00Z,NA,NA
2006601,BCAM1_2024Feb10_SD36,BCAM1,2024-01-27T00:00:00Z,2024-02-10T00:00:00Z,NA,NA
2006601,BCAM1_2024Jan27_SD34,BCAM1,2024-01-13T00:00:00Z,2024-01-27T00:00:00Z,NA,NA
2006601,BCAM1_2024Jun1_SD34,BCAM1,2024-05-04T00:00:00Z,2024-06-01T00:00:00Z,NA,NA
2006601,BCAM1_2024Jun26_SD48,BCAM1,2024-06-01T00:00:00Z,2024-06-26T00:00:00Z,NA,NA
2006601,BCAM1_2024May4_SD42,BCAM1,2024-04-06T00:00:00Z,2024-05-04T00:00:00Z,NA,NA
2006601,BCAM1_2024Sep6_SD37,BCAM1,2024-08-04T00:00:00Z,2024-09-06T00:00:00Z,NA,NA
2006601,BCAM1_2025Apr25_SD35,BCAM1,2025-03-15T00:00:00Z,2025-04-25T00:00:00Z,NA,NA
2006601,BCAM1_2025Aug4_SD22,BCAM1,2025-06-29T00:00:00Z,2025-08-04T00:00:00Z,NA,NA
2006601,BCAM1_2025Dec7_SD42,BCAM1,2025-10-20T00:00:00Z,2025-10-29T00:00:00Z,NA,NA
2006601,BCAM1_2025Feb1_SD47,BCAM1,2025-01-04T00:00:00Z,2025-02-01T00:00:00Z,NA,NA
2006601,BCAM1_2025Feb15_SD52,BCAM1,2025-02-01T00:00:00Z,2025-02-15T00:00:00Z,NA,NA
2006601,BCAM1_2025Jan4_SD38,BCAM1,2024-12-21T00:00:00Z,2025-01-04T00:00:00Z,NA,NA
2006601,BCAM1_2025Jun29_SD58,BCAM1,2025-06-03T00:00:00Z,2025-06-29T00:00:00Z,NA,NA
2006601,BCAM1_2025Jun3_SD21,BCAM1,2025-04-25T00:00:00Z,2025-06-03T00:00:00Z,NA,NA
2006601,BCAM1_2025Mar15_SD54,BCAM1,2025-03-09T00:00:00Z,2025-03-15T00:00:00Z,NA,NA
2006601,BCAM1_2025Mar9_SD54,BCAM1,2025-02-15T00:00:00Z,2025-03-09T00:00:00Z,NA,NA
2006601,BCAM1_2025Sep14_SD61,BCAM1,2025-08-04T00:00:00Z,2025-09-14T00:00:00Z,NA,NA
2006601,BCAM1_2026Apr12_SD36,BCAM1,2026-03-08T00:00:00Z,2026-04-12T00:00:00Z,NA,NA
2006601,BCAM1_2026Feb19_SD42,BCAM1,2026-01-11T00:00:00Z,2026-02-19T00:00:00Z,NA,NA
2006601,BCAM1_2026Jan11_SD38,BCAM1,2025-12-08T00:00:00Z,2026-01-11T00:00:00Z,NA,NA
2006601,BCAM1_2026Mar8_SD36,BCAM1,2026-02-19T00:00:00Z,2026-03-08T00:00:00Z,NA,NA
2006601,BCAM1_2026May30_SD53,BCAM1,2026-04-12T00:00:00Z,2026-05-30T00:00:00Z,NA,NA
2006601,BCAM10_2023Dec21_SD38,BCAM10,2023-11-05T00:00:00Z,2023-12-21T00:00:00Z,NA,NA
2006601,BCAM11_2023Dec21_SD40,BCAM11,2023-11-05T00:00:00Z,2023-12-21T00:00:00Z,NA,NA
2006601,BCAM11_2024Apr6_SD41,BCAM11,2024-03-09T00:00:00Z,2024-04-06T00:00:00Z,NA,NA
2006601,BCAM11_2024Aug4_SD42,BCAM11,2024-06-26T00:00:00Z,2024-08-04T00:00:00Z,NA,NA
2006601,BCAM11_2024Dec21_SD45,BCAM11,2024-11-07T00:00:00Z,2024-12-21T00:00:00Z,NA,NA
2006601,BCAM11_2024Feb10_SD22,BCAM11,2024-01-27T00:00:00Z,2024-02-10T00:00:00Z,NA,NA
2006601,BCAM11_2024Jan27_SD35,BCAM11,2023-12-21T00:00:00Z,2024-01-27T00:00:00Z,NA,NA
2006601,BCAM11_2024Jun1_SD22,BCAM11,2024-05-04T00:00:00Z,2024-06-01T00:00:00Z,NA,NA
2006601,BCAM11_2024Jun26_SD50,BCAM11,2024-06-01T00:00:00Z,2024-06-26T00:00:00Z,NA,NA
2006601,BCAM11_2024Mar9_SD27,BCAM11,2024-02-10T00:00:00Z,2024-03-09T00:00:00Z,NA,NA
2006601,BCAM11_2024May4_SD38,BCAM11,2024-04-06T00:00:00Z,2024-05-04T00:00:00Z,NA,NA
2006601,BCAM11_2024Sep6_SD38,BCAM11,2024-08-04T00:00:00Z,2024-09-06T00:00:00Z,NA,NA
2006601,BCAM11_2025Apr25_SD63,BCAM11,2025-03-15T00:00:00Z,2025-04-25T00:00:00Z,NA,NA
2006601,BCAM11_2025Aug4_SD67,BCAM11,2025-06-29T00:00:00Z,2025-08-04T00:00:00Z,NA,NA
2006601,BCAM11_2025Dec7_SD48,BCAM11,2025-11-02T00:00:00Z,2025-12-07T00:00:00Z,NA,NA
2006601,BCAM11_2025Feb15_SD48,BCAM11,2025-02-02T00:00:00Z,2025-02-15T00:00:00Z,NA,NA
2006601,BCAM11_2025Feb2_SD62,BCAM11,2025-01-05T00:00:00Z,2025-02-02T00:00:00Z,NA,NA
2006601,BCAM11_2025Jan5_SD54,BCAM11,2024-12-21T00:00:00Z,2025-01-05T00:00:00Z,NA,NA
2006601,BCAM11_2025Jun29_SD48,BCAM11,2025-06-03T00:00:00Z,2025-06-29T00:00:00Z,NA,NA
2006601,BCAM11_2025Jun3_SD60,BCAM11,2025-04-25T00:00:00Z,2025-06-03T00:00:00Z,NA,NA
2006601,BCAM11_2025Mar15_SD56,BCAM11,2025-03-09T00:00:00Z,2025-03-15T00:00:00Z,NA,NA
2006601,BCAM11_2025Mar9_SD56,BCAM11,2025-02-15T00:00:00Z,2025-03-09T00:00:00Z,NA,NA
2006601,BCAM11_2025Nov2_SD48,BCAM11,2025-10-20T00:00:00Z,2025-11-02T00:00:00Z,NA,NA
2006601,BCAM11_2025Sep14_SD66,BCAM11,2025-08-04T00:00:00Z,2025-09-14T00:00:00Z,NA,NA
2006601,BCAM11_2026Apr12_SD39,BCAM11,2026-03-08T00:00:00Z,2026-04-12T00:00:00Z,NA,NA
2006601,BCAM11_2026Feb19_SD50,BCAM11,2026-01-11T00:00:00Z,2026-02-19T00:00:00Z,NA,NA
2006601,BCAM11_2026Jan11_SD34,BCAM11,2025-12-07T00:00:00Z,2026-01-11T00:00:00Z,NA,NA
2006601,BCAM11_2026Mar8_SD39,BCAM11,2026-02-19T00:00:00Z,2026-03-08T00:00:00Z,NA,NA
2006601,BCAM11_2026May30_SD61,BCAM11,2026-04-12T00:00:00Z,2026-05-30T00:00:00Z,NA,NA
2006601,BCAM12_2024Apr6_SD43,BCAM12,2024-03-09T00:00:00Z,2024-04-06T00:00:00Z,NA,NA
2006601,BCAM12_2024Feb10_SD40,BCAM12,2024-01-13T00:00:00Z,2024-02-10T00:00:00Z,NA,NA
2006601,BCAM12_2024May4_SD27,BCAM12,2024-04-06T00:00:00Z,2024-04-30T00:00:00Z,NA,NA
2006601,BCAM13_2024Apr6_SD36,BCAM13,2024-03-09T00:00:00Z,2024-04-06T00:00:00Z,NA,NA
2006601,BCAM13_2024Aug4_SD41,BCAM13,2024-06-26T00:00:00Z,2024-08-04T00:00:00Z,NA,NA
2006601,BCAM13_2024Dec21_SD44,BCAM13,2024-11-07T00:00:00Z,2024-12-21T00:00:00Z,NA,NA
2006601,BCAM13_2024Feb10_SD25,BCAM13,2024-01-13T00:00:00Z,2024-02-10T00:00:00Z,NA,NA
2006601,BCAM13_2024Jan13_SD27,BCAM13,2023-12-21T00:00:00Z,2024-01-13T00:00:00Z,NA,NA
2006601,BCAM13_2024Jun1_SD27,BCAM13,2024-05-04T00:00:00Z,2024-06-01T00:00:00Z,NA,NA
2006601,BCAM13_2024Jun26_SD51,BCAM13,2024-06-01T00:00:00Z,2024-06-26T00:00:00Z,NA,NA
2006601,BCAM13_2024Mar9_SD39,BCAM13,2024-02-10T00:00:00Z,2024-03-09T00:00:00Z,NA,NA
2006601,BCAM13_2024May4_SD37,BCAM13,2024-04-06T00:00:00Z,2024-05-01T00:00:00Z,NA,NA
2006601,BCAM13_2024Sep6_SD39,BCAM13,2024-08-04T00:00:00Z,2024-09-06T00:00:00Z,NA,NA
2006601,BCAM13_2025Apr25_SD34,BCAM13,2025-03-26T00:00:00Z,2025-04-25T00:00:00Z,NA,NA
2006601,BCAM13_2025Dec7_SD49,BCAM13,2025-11-02T00:00:00Z,2025-12-07T00:00:00Z,NA,NA
2006601,BCAM13_2025Feb15_SD46,BCAM13,2025-02-02T00:00:00Z,2025-02-15T00:00:00Z,NA,NA
2006601,BCAM13_2025Feb2_SD50,BCAM13,2025-01-05T00:00:00Z,2025-02-02T00:00:00Z,NA,NA
2006601,BCAM13_2025Jan5_SD34,BCAM13,2024-12-21T00:00:00Z,2025-01-05T00:00:00Z,NA,NA
2006601,BCAM13_2025Jun29_SD37,BCAM13,2025-06-03T00:00:00Z,2025-06-29T00:00:00Z,NA,NA
2006601,BCAM13_2025Jun3_SD27,BCAM13,2025-04-25T00:00:00Z,2025-05-11T00:00:00Z,NA,NA
2006601,BCAM13_2025Mar15_SD49,BCAM13,2025-03-09T00:00:00Z,2025-03-15T00:00:00Z,NA,NA
2006601,BCAM13_2025Mar9_SD49,BCAM13,2025-02-15T00:00:00Z,2025-03-09T00:00:00Z,NA,NA
2006601,BCAM13_2025Nov2_SD49,BCAM13,2025-10-20T00:00:00Z,2025-11-02T00:00:00Z,NA,NA
2006601,BCAM13_2025Sep14_SD69,BCAM13,2025-08-04T00:00:00Z,2025-09-14T00:00:00Z,NA,NA
2006601,BCAM13_2026Apr12_SD38,BCAM13,2026-03-08T00:00:00Z,2026-04-12T00:00:00Z,NA,NA
2006601,BCAM13_2026Feb19_SD48,BCAM13,2026-01-11T00:00:00Z,2026-01-26T00:00:00Z,NA,NA
2006601,BCAM13_2026Jan11_SD35,BCAM13,2025-12-07T00:00:00Z,2026-01-11T00:00:00Z,NA,NA
2006601,BCAM13_2026Mar8_SD38,BCAM13,2026-02-19T00:00:00Z,2026-03-08T00:00:00Z,NA,NA
2006601,BCAM14_2024Aug4_SD54,BCAM14,2024-06-26T00:00:00Z,2024-08-04T00:00:00Z,NA,NA
2006601,BCAM14_2024Dec21_SD50,BCAM14,2024-11-07T00:00:00Z,2024-12-21T00:00:00Z,NA,NA
2006601,BCAM14_2024Jun1_SD25,BCAM14,2024-05-04T00:00:00Z,2024-06-01T00:00:00Z,NA,NA
2006601,BCAM14_2024Jun26_SD47,BCAM14,2024-06-01T00:00:00Z,2024-06-26T00:00:00Z,NA,NA
2006601,BCAM14_2024Sep6_SD36,BCAM14,2024-08-04T00:00:00Z,2024-09-06T00:00:00Z,NA,NA
2006601,BCAM15_2025Apr26_SD65,BCAM15,2025-03-15T00:00:00Z,2025-04-26T00:00:00Z,NA,NA
2006601,BCAM15_2025Aug5_SD42,BCAM15,2025-06-27T00:00:00Z,2025-08-05T00:00:00Z,NA,NA
2006601,BCAM15_2025Dec8_SD41,BCAM15,2025-11-02T00:00:00Z,2025-12-08T00:00:00Z,NA,NA
2006601,BCAM15_2025Feb1_SD56,BCAM15,2025-01-04T00:00:00Z,2025-02-01T00:00:00Z,NA,NA
2006601,BCAM15_2025Feb16_SD65,BCAM15,2025-02-01T00:00:00Z,2025-02-15T00:00:00Z,NA,NA
2006601,BCAM15_2025Jan4_SD41,BCAM15,2024-12-20T00:00:00Z,2025-01-04T00:00:00Z,NA,NA
2006601,BCAM15_2025Jun27_SD65,BCAM15,2025-06-03T00:00:00Z,2025-06-27T00:00:00Z,NA,NA
2006601,BCAM15_2025Jun3_SD67,BCAM15,2025-04-26T00:00:00Z,2025-06-03T00:00:00Z,NA,NA
2006601,BCAM15_2025Mar15_SD41,BCAM15,2025-03-09T00:00:00Z,2025-03-15T00:00:00Z,NA,NA
2006601,BCAM15_2025Mar9_SD41,BCAM15,2025-02-16T00:00:00Z,2025-03-09T00:00:00Z,NA,NA
2006601,BCAM15_2025Nov2_SD41,BCAM15,2025-10-20T00:00:00Z,2025-11-02T00:00:00Z,NA,NA
2006601,BCAM15_2025Sep14_SD65,BCAM15,2025-08-05T00:00:00Z,2025-09-14T00:00:00Z,NA,NA
2006601,BCAM15_2026Apr12_SD37,BCAM15,2026-03-08T00:00:00Z,2026-04-12T00:00:00Z,NA,NA
2006601,BCAM15_2026Feb20_SD52,BCAM15,2026-01-10T00:00:00Z,2026-02-20T00:00:00Z,NA,NA
2006601,BCAM15_2026Jan10_SD44,BCAM15,2025-12-08T00:00:00Z,2025-12-30T00:00:00Z,NA,NA
2006601,BCAM15_2026Mar8_SD37,BCAM15,2026-02-20T00:00:00Z,2026-03-08T00:00:00Z,NA,NA
2006601,BCAM15_2026May30_SD65,BCAM15,2026-04-12T00:00:00Z,2026-05-30T00:00:00Z,NA,NA
2006601,BCAM16_2025Jan4_SD42,BCAM16,2024-12-20T00:00:00Z,2025-01-04T00:00:00Z,NA,NA
2006601,BCAM17_2025Jan4_SD51,BCAM17,2024-12-20T00:00:00Z,2025-01-04T00:00:00Z,NA,NA
2006601,BCAM18_2025Apr26_SD64,BCAM18,2025-03-14T00:00:00Z,2025-03-19T00:00:00Z,NA,NA
2006601,BCAM18_2025Feb1_SD57,BCAM18,2025-01-04T00:00:00Z,2025-02-01T00:00:00Z,NA,NA
2006601,BCAM18_2025Feb16_SD32,BCAM18,2025-02-01T00:00:00Z,2025-02-16T00:00:00Z,NA,NA
2006601,BCAM18_2025Jan4_SD52,BCAM18,2024-12-20T00:00:00Z,2025-01-04T00:00:00Z,NA,NA
2006601,BCAM18_2025Mar14_SD52,BCAM18,2025-03-09T00:00:00Z,2025-03-14T00:00:00Z,NA,NA
2006601,BCAM18_2025Mar9_SD54,BCAM18,2025-02-16T00:00:00Z,2025-03-09T00:00:00Z,NA,NA
2006601,BCAM19_2025Apr26_SD37,BCAM19,2025-03-14T00:00:00Z,2025-04-26T00:00:00Z,2025-04-06T00:00:00Z,2025-04-26T00:00:00Z
2006601,BCAM19_2025Aug5_SD21,BCAM19,2025-06-27T00:00:00Z,2025-08-05T00:00:00Z,NA,NA
2006601,BCAM19_2025Dec8_SD68,BCAM19,2025-11-02T00:00:00Z,2025-12-08T00:00:00Z,NA,NA
2006601,BCAM19_2025Jun27_SD67,BCAM19,2025-06-04T00:00:00Z,2025-06-27T00:00:00Z,NA,NA
2006601,BCAM19_2025Jun4_SD63,BCAM19,2025-04-26T00:00:00Z,2025-06-04T00:00:00Z,2025-05-15T00:00:00Z,2025-06-04T00:00:00Z
2006601,BCAM19_2025Nov2_SD68,BCAM19,2025-10-21T00:00:00Z,2025-11-02T00:00:00Z,NA,NA
2006601,BCAM19_2025Sep12_SD60,BCAM19,2025-08-05T00:00:00Z,2025-09-12T00:00:00Z,NA,NA
2006601,BCAM19_2026Apr13_SD42,BCAM19,2026-03-08T00:00:00Z,2026-04-13T00:00:00Z,NA,NA
2006601,BCAM19_2026Feb20_SD61,BCAM19,2026-01-10T00:00:00Z,2026-02-20T00:00:00Z,NA,NA
2006601,BCAM19_2026Jan10_SD50,BCAM19,2025-12-08T00:00:00Z,2026-01-10T00:00:00Z,NA,NA
2006601,BCAM19_2026Mar8_SD42,BCAM19,2026-02-20T00:00:00Z,2026-03-08T00:00:00Z,NA,NA
2006601,BCAM19_2026May31_SD39,BCAM19,2026-04-13T00:00:00Z,2026-05-31T00:00:00Z,2026-05-14T00:00:00Z,2026-05-31T00:00:00Z
2006601,BCAM2_2023Jan27_SD1,BCAM2,2022-12-21T00:00:00Z,2023-01-27T00:00:00Z,NA,NA
2006601,BCAM2_2023Mar13_SD20,BCAM2,2023-01-27T00:00:00Z,2023-03-13T00:00:00Z,NA,NA
2006601,BCAM20_2025Apr26_SD53,BCAM20,2025-03-14T00:00:00Z,2025-04-26T00:00:00Z,2025-03-30T00:00:00Z,2025-04-26T00:00:00Z
2006601,BCAM20_2025Aug5_SD29,BCAM20,2025-06-27T00:00:00Z,2025-08-05T00:00:00Z,NA,NA
2006601,BCAM20_2025Dec8_SD67,BCAM20,2025-11-02T00:00:00Z,2025-12-08T00:00:00Z,2025-11-15T00:00:00Z,2025-12-08T00:00:00Z
2006601,BCAM20_2025Jun27_SD60,BCAM20,2025-06-04T00:00:00Z,2025-06-27T00:00:00Z,2025-06-19T00:00:00Z,2025-06-27T00:00:00Z
2006601,BCAM20_2025Jun4_SD42,BCAM20,2025-04-26T00:00:00Z,2025-06-04T00:00:00Z,2025-05-12T00:00:00Z,2025-06-04T00:00:00Z
2006601,BCAM20_2025Nov2_SD67,BCAM20,2025-10-21T00:00:00Z,2025-11-02T00:00:00Z,NA,NA
2006601,BCAM20_2025Sep12_SD67,BCAM20,2025-08-05T00:00:00Z,2025-09-12T00:00:00Z,NA,NA
2006601,BCAM20_2026Apr13_SD44,BCAM20,2026-03-08T00:00:00Z,2026-04-13T00:00:00Z,2026-03-21T00:00:00Z,2026-04-13T00:00:00Z
2006601,BCAM20_2026Feb20_SD62,BCAM20,2026-01-10T00:00:00Z,2026-02-20T00:00:00Z,NA,NA
2006601,BCAM20_2026Jan10_SD25,BCAM20,2025-12-08T00:00:00Z,2026-01-10T00:00:00Z,NA,NA
2006601,BCAM20_2026Mar8_SD44,BCAM20,2026-02-20T00:00:00Z,2026-03-08T00:00:00Z,NA,NA
2006601,BCAM20_2026May31_SD56,BCAM20,2026-04-13T00:00:00Z,2026-05-31T00:00:00Z,2026-04-23T00:00:00Z,2026-05-31T00:00:00Z
2006601,BCAM21_2025Apr26_SD48,BCAM21,2025-03-14T00:00:00Z,2025-04-26T00:00:00Z,NA,NA
2006601,BCAM21_2025Aug5_SD25,BCAM21,2025-06-27T00:00:00Z,2025-08-05T00:00:00Z,NA,NA
2006601,BCAM21_2025Dec8_SD63,BCAM21,2025-11-02T00:00:00Z,2025-12-08T00:00:00Z,NA,NA
2006601,BCAM21_2025Jun27_SD43,BCAM21,2025-06-04T00:00:00Z,2025-06-27T00:00:00Z,NA,NA
2006601,BCAM21_2025Jun4_SD35,BCAM21,2025-04-26T00:00:00Z,2025-06-04T00:00:00Z,NA,NA
2006601,BCAM21_2025Nov2_SD63,BCAM21,2025-10-21T00:00:00Z,2025-11-02T00:00:00Z,NA,NA
2006601,BCAM21_2025Sep12_SD36,BCAM21,2025-08-05T00:00:00Z,2025-09-12T00:00:00Z,NA,NA
2006601,BCAM21_2026Apr13_SD49,BCAM21,2026-03-08T00:00:00Z,2026-04-13T00:00:00Z,NA,NA
2006601,BCAM21_2026Feb20_SD58,BCAM21,2026-01-10T00:00:00Z,2026-02-20T00:00:00Z,NA,NA
2006601,BCAM21_2026Jan10_SD37,BCAM21,2025-12-08T00:00:00Z,2026-01-10T00:00:00Z,NA,NA
2006601,BCAM21_2026Mar8_SD49,BCAM21,2026-02-20T00:00:00Z,2026-03-08T00:00:00Z,NA,NA
2006601,BCAM21_2026May31_SD38,BCAM21,2026-04-13T00:00:00Z,2026-05-31T00:00:00Z,NA,NA
2006601,BCAM22_2025Apr26_SD46,BCAM22,2025-02-16T00:00:00Z,2025-04-26T00:00:00Z,2025-04-01T00:00:00Z,2025-04-26T00:00:00Z
2006601,BCAM22_2025Aug5_SD35,BCAM22,2025-06-27T00:00:00Z,2025-08-05T00:00:00Z,NA,NA
2006601,BCAM22_2025Dec8_SD60,BCAM22,2025-11-02T00:00:00Z,2025-12-08T00:00:00Z,2025-11-15T00:00:00Z,2025-12-08T00:00:00Z
2006601,BCAM22_2025Feb1_SD58,BCAM22,2025-01-04T00:00:00Z,2025-02-01T00:00:00Z,NA,NA
2006601,BCAM22_2025Feb16_SD35,BCAM22,2025-02-01T00:00:00Z,2025-02-16T00:00:00Z,NA,NA
2006601,BCAM22_2025Jan4_SD53,BCAM22,2024-12-20T00:00:00Z,2025-01-04T00:00:00Z,NA,NA
2006601,BCAM22_2025Jun27_SD27,BCAM22,2025-06-04T00:00:00Z,2025-06-27T00:00:00Z,2025-06-14T00:00:00Z,2025-06-27T00:00:00Z
2006601,BCAM22_2025Jun4_SD36,BCAM22,2025-04-26T00:00:00Z,2025-06-04T00:00:00Z,2025-04-29T00:00:00Z,2025-06-04T00:00:00Z
2006601,BCAM22_2025Nov2_SD60,BCAM22,2025-10-21T00:00:00Z,2025-11-02T00:00:00Z,NA,NA
2006601,BCAM22_2025Sep12_SD34,BCAM22,2025-08-05T00:00:00Z,2025-09-12T00:00:00Z,NA,NA
2006601,BCAM22_2026Apr13_SD27,BCAM22,2026-03-08T00:00:00Z,2026-04-13T00:00:00Z,2026-03-09T00:00:00Z,2026-04-13T00:00:00Z
2006601,BCAM22_2026Feb20_SD65,BCAM22,2026-01-10T00:00:00Z,2026-02-20T00:00:00Z,NA,NA
2006601,BCAM22_2026Jan10_SD49,BCAM22,2025-12-08T00:00:00Z,2026-01-10T00:00:00Z,NA,NA
2006601,BCAM22_2026Mar8_SD27,BCAM22,2026-02-20T00:00:00Z,2026-03-08T00:00:00Z,NA,NA
2006601,BCAM22_2026May31_SD51,BCAM22,2026-04-13T00:00:00Z,2026-05-31T00:00:00Z,2026-05-10T00:00:00Z,2026-05-31T00:00:00Z
2006601,BCAM23_2025Apr25_SD68,BCAM23,2025-03-15T00:00:00Z,2025-04-25T00:00:00Z,NA,NA
2006601,BCAM23_2025Aug4_SD27,BCAM23,2025-06-29T00:00:00Z,2025-08-04T00:00:00Z,NA,NA
2006601,BCAM23_2025Dec8_SD45,BCAM23,2025-11-02T00:00:00Z,2025-12-08T00:00:00Z,NA,NA
2006601,BCAM23_2025Feb1_SD61,BCAM23,2025-01-04T00:00:00Z,2025-02-01T00:00:00Z,NA,NA
2006601,BCAM23_2025Feb15_SD53,BCAM23,2025-02-01T00:00:00Z,2025-02-15T00:00:00Z,NA,NA
2006601,BCAM23_2025Jan4_SD39,BCAM23,2024-12-21T00:00:00Z,2025-01-04T00:00:00Z,NA,NA
2006601,BCAM23_2025Jun29_SD64,BCAM23,2025-06-03T00:00:00Z,2025-06-29T00:00:00Z,NA,NA
2006601,BCAM23_2025Jun3_SD22,BCAM23,2025-04-25T00:00:00Z,2025-06-03T00:00:00Z,NA,NA
2006601,BCAM23_2025Mar15_SD61,BCAM23,2025-02-15T00:00:00Z,2025-03-15T00:00:00Z,NA,NA
2006601,BCAM23_2025Nov2_SD45,BCAM23,2025-10-20T00:00:00Z,2025-11-02T00:00:00Z,NA,NA
2006601,BCAM23_2025Sep14_SD55,BCAM23,2025-08-04T00:00:00Z,2025-09-14T00:00:00Z,NA,NA
2006601,BCAM23_2026Apr12_SD54,BCAM23,2026-03-08T00:00:00Z,2026-04-12T00:00:00Z,NA,NA
2006601,BCAM23_2026Feb19_SD27,BCAM23,2026-01-11T00:00:00Z,2026-02-19T00:00:00Z,NA,NA
2006601,BCAM23_2026Jan11_SD51,BCAM23,2025-12-08T00:00:00Z,2026-01-11T00:00:00Z,NA,NA
2006601,BCAM23_2026Mar8_SD54,BCAM23,2026-02-19T00:00:00Z,2026-03-08T00:00:00Z,NA,NA
2006601,BCAM23_2026May30_SD69,BCAM23,2026-04-12T00:00:00Z,2026-05-19T00:00:00Z,NA,NA
2006601,BCAM24_2025Apr26_SD58,BCAM24,2025-03-15T00:00:00Z,2025-04-26T00:00:00Z,NA,NA
2006601,BCAM24_2025Dec8_SD22,BCAM24,2025-11-02T00:00:00Z,2025-12-08T00:00:00Z,NA,NA
2006601,BCAM24_2025Feb1_SD46,BCAM24,2025-01-04T00:00:00Z,2025-02-01T00:00:00Z,NA,NA
2006601,BCAM24_2025Feb16_SD64,BCAM24,2025-02-01T00:00:00Z,2025-02-16T00:00:00Z,NA,NA
2006601,BCAM24_2025Jun27_SD32,BCAM24,2025-06-03T00:00:00Z,2025-06-27T00:00:00Z,NA,NA
2006601,BCAM24_2025Jun3_SD59,BCAM24,2025-04-26T00:00:00Z,2025-06-03T00:00:00Z,NA,NA
2006601,BCAM24_2025Mar15_SD51,BCAM24,2025-03-09T00:00:00Z,2025-03-15T00:00:00Z,NA,NA
2006601,BCAM24_2025Mar9_SD51,BCAM24,2025-02-16T00:00:00Z,2025-03-09T00:00:00Z,NA,NA
2006601,BCAM24_2025Nov2_SD22,BCAM24,2025-10-21T00:00:00Z,2025-11-02T00:00:00Z,NA,NA
2006601,BCAM24_2025Sep12_SD27,BCAM24,2025-08-05T00:00:00Z,2025-09-12T00:00:00Z,NA,NA
2006601,BCAM24_2026Apr13_SD55,BCAM24,2026-03-08T00:00:00Z,2026-04-13T00:00:00Z,NA,NA
2006601,BCAM24_2026Feb20_SD64,BCAM24,2026-01-10T00:00:00Z,2026-02-20T00:00:00Z,NA,NA
2006601,BCAM24_2026Jan10_SD32,BCAM24,2025-12-08T00:00:00Z,2026-01-10T00:00:00Z,NA,NA
2006601,BCAM24_2026Mar8_SD55,BCAM24,2026-02-20T00:00:00Z,2026-03-08T00:00:00Z,NA,NA
2006601,BCAM24_2026May31_SD34,BCAM24,2026-04-13T00:00:00Z,2026-05-31T00:00:00Z,NA,NA
2006601,BCAM25_2025Apr26_SD47a,BCAM25,2025-02-16T00:00:00Z,2025-03-09T00:00:00Z,NA,NA
2006601,BCAM25_2025Apr26_SD47b,BCAM25,2025-03-09T00:00:00Z,2025-04-26T00:00:00Z,2025-04-01T00:00:00Z,2025-04-26T00:00:00Z
2006601,BCAM25_2025Aug_SD63,BCAM25,2025-06-27T00:00:00Z,2025-08-04T00:00:00Z,NA,NA
2006601,BCAM25_2025Dec8_SD59,BCAM25,2025-11-02T00:00:00Z,2025-12-08T00:00:00Z,2025-11-17T00:00:00Z,2025-12-08T00:00:00Z
2006601,BCAM25_2025Feb1_SD46,BCAM25,2025-01-04T00:00:00Z,2025-02-01T00:00:00Z,NA,NA
2006601,BCAM25_2025Feb16_SD63,BCAM25,2025-02-01T00:00:00Z,2025-02-16T00:00:00Z,NA,NA
2006601,BCAM25_2025Jun27_SD59,BCAM25,2025-06-04T00:00:00Z,2025-06-27T00:00:00Z,2025-06-15T00:00:00Z,2025-06-27T00:00:00Z
2006601,BCAM25_2025Jun4_SD68,BCAM25,2025-04-26T00:00:00Z,2025-06-04T00:00:00Z,2025-05-06T00:00:00Z,2025-06-04T00:00:00Z
2006601,BCAM25_2025Nov2_SD59,BCAM25,2025-10-21T00:00:00Z,2025-11-02T00:00:00Z,NA,NA
2006601,BCAM25_2025Sep12_SD59,BCAM25,2025-08-05T00:00:00Z,2025-09-12T00:00:00Z,NA,NA
2006601,BCAM25_2026Apr13_SD48,BCAM25,2026-03-08T00:00:00Z,2026-04-13T00:00:00Z,2026-03-21T00:00:00Z,2026-04-13T00:00:00Z
2006601,BCAM25_2026Feb20_SD66,BCAM25,2026-01-10T00:00:00Z,2026-02-20T00:00:00Z,NA,NA
2006601,BCAM25_2026Jan10_SD48,BCAM25,2025-12-08T00:00:00Z,2026-01-10T00:00:00Z,NA,NA
2006601,BCAM25_2026Mar8_SD48,BCAM25,2026-02-20T00:00:00Z,2026-03-08T00:00:00Z,NA,NA
2006601,BCAM25_2026May31_SD40,BCAM25,2026-04-13T00:00:00Z,2026-05-31T00:00:00Z,2026-04-28T00:00:00Z,2026-05-31T00:00:00Z
2006601,BCAM26_2024Dec21_SD22,BCAM26,2024-11-07T00:00:00Z,2024-12-09T00:00:00Z,NA,NA
2006601,BCAM26_2025Apr25_SD42,BCAM26,2025-03-15T00:00:00Z,2025-04-25T00:00:00Z,NA,NA
2006601,BCAM26_2025Aug4_SD60,BCAM26,2025-06-29T00:00:00Z,2025-08-04T00:00:00Z,NA,NA
2006601,BCAM26_2025Dec8_SD47,BCAM26,2025-11-02T00:00:00Z,2025-12-08T00:00:00Z,NA,NA
2006601,BCAM26_2025Feb1_SD59,BCAM26,2025-01-04T00:00:00Z,2025-02-01T00:00:00Z,NA,NA
2006601,BCAM26_2025Feb15_SD41,BCAM26,2025-02-01T00:00:00Z,2025-02-15T00:00:00Z,NA,NA
2006601,BCAM26_2025Jan4_SD36,BCAM26,2024-12-21T00:00:00Z,2025-01-04T00:00:00Z,NA,NA
2006601,BCAM26_2025Jun29_SD53,BCAM26,2025-06-03T00:00:00Z,2025-06-29T00:00:00Z,NA,NA
2006601,BCAM26_2025Jun3_SD28,BCAM26,2025-04-25T00:00:00Z,2025-05-22T00:00:00Z,NA,NA
2006601,BCAM26_2025Mar15_SD44,BCAM26,2025-03-09T00:00:00Z,2025-03-15T00:00:00Z,NA,NA
2006601,BCAM26_2025Mar9_SD44,BCAM26,2025-02-15T00:00:00Z,2025-03-09T00:00:00Z,NA,NA
2006601,BCAM26_2025Nov2_SD47,BCAM26,2025-10-20T00:00:00Z,2025-11-02T00:00:00Z,NA,NA
2006601,BCAM26_2025Sep14_SD58,BCAM26,2025-08-04T00:00:00Z,2025-09-14T00:00:00Z,NA,NA
2006601,BCAM26_2026Apr12_SD35,BCAM26,2026-03-08T00:00:00Z,2026-04-12T00:00:00Z,NA,NA
2006601,BCAM26_2026Feb19_SD25,BCAM26,2026-01-11T00:00:00Z,2026-02-19T00:00:00Z,NA,NA
2006601,BCAM26_2026Jan11_SD39,BCAM26,2025-12-08T00:00:00Z,2026-01-11T00:00:00Z,NA,NA
2006601,BCAM26_2026Mar8_SD35,BCAM26,2026-02-19T00:00:00Z,2026-03-08T00:00:00Z,NA,NA
2006601,BCAM26_2026May30_SD64,BCAM26,2026-04-12T00:00:00Z,2026-05-30T00:00:00Z,NA,NA
2006601,BCAM27_2025Aug5_SD68,BCAM27,2025-06-27T00:00:00Z,2025-08-05T00:00:00Z,NA,NA
2006601,BCAM27_2025Dec8_SD57,BCAM27,2025-11-02T00:00:00Z,2025-12-08T00:00:00Z,NA,NA
2006601,BCAM27_2025Jun27_SD22,BCAM27,2025-06-04T00:00:00Z,2025-06-27T00:00:00Z,NA,NA
2006601,BCAM27_2025Jun4_SD34,BCAM27,2025-04-26T00:00:00Z,2025-06-04T00:00:00Z,NA,NA
2006601,BCAM27_2025Nov2_SD57,BCAM27,2025-10-21T00:00:00Z,2025-11-02T00:00:00Z,NA,NA
2006601,BCAM27_2025Sep12_SD22,BCAM27,2025-08-05T00:00:00Z,2025-09-12T00:00:00Z,NA,NA
2006601,BCAM27_2026Apr13_SD50,BCAM27,2026-03-08T00:00:00Z,2026-04-13T00:00:00Z,NA,NA
2006601,BCAM27_2026Feb20_SD69,BCAM27,2026-01-10T00:00:00Z,2026-02-20T00:00:00Z,NA,NA
2006601,BCAM27_2026Jan10_SD42,BCAM27,2025-12-08T00:00:00Z,2026-01-10T00:00:00Z,NA,NA
2006601,BCAM27_2026Mar8_SD50,BCAM27,2026-02-20T00:00:00Z,2026-03-08T00:00:00Z,NA,NA
2006601,BCAM27_2026May31_SD37,BCAM27,2026-04-13T00:00:00Z,2026-05-31T00:00:00Z,NA,NA
2006601,BCAM3_2023Dec21_SD34,BCAM3,2023-11-04T00:00:00Z,2023-12-21T00:00:00Z,NA,NA
2006601,BCAM3_2023Jan27_SD10,BCAM3,2022-12-21T00:00:00Z,2023-01-27T00:00:00Z,NA,NA
2006601,BCAM3_2023Mar13_SD15,BCAM3,2023-01-27T00:00:00Z,2023-02-27T00:00:00Z,NA,NA
2006601,BCAM3_2024Apr6_SD35,BCAM3,2024-03-09T00:00:00Z,2024-04-06T00:00:00Z,NA,NA
2006601,BCAM3_2024Aug4_SD52,BCAM3,2024-06-26T00:00:00Z,2024-08-04T00:00:00Z,NA,NA
2006601,BCAM3_2024Dec21_SD48,BCAM3,2024-11-07T00:00:00Z,2024-12-21T00:00:00Z,NA,NA
2006601,BCAM3_2024Feb10_SD24,BCAM3,2024-01-27T00:00:00Z,2024-02-10T00:00:00Z,NA,NA
2006601,BCAM3_2024Jan27_SD39,BCAM3,2024-01-13T00:00:00Z,2024-01-27T00:00:00Z,NA,NA
2006601,BCAM3_2024Jun1_SD41,BCAM3,2024-05-04T00:00:00Z,2024-05-24T00:00:00Z,NA,NA
2006601,BCAM3_2024Jun26_SD45,BCAM3,2024-06-01T00:00:00Z,2024-06-26T00:00:00Z,NA,NA
2006601,BCAM3_2024Mar9_SD38,BCAM3,2024-02-10T00:00:00Z,2024-03-05T00:00:00Z,NA,NA
2006601,BCAM3_2024May4_SD34,BCAM3,2024-04-06T00:00:00Z,2024-05-04T00:00:00Z,NA,NA
2006601,BCAM3_2024Sep6_SD34,BCAM3,2024-08-04T00:00:00Z,2024-08-21T00:00:00Z,NA,NA
2006601,BCAM3_2025Apr25_SD66,BCAM3,2025-03-15T00:00:00Z,2025-04-25T00:00:00Z,NA,NA
2006601,BCAM3_2025Aug4_SD36,BCAM3,2025-06-29T00:00:00Z,2025-08-04T00:00:00Z,NA,NA
2006601,BCAM3_2025Dec8_SD46,BCAM3,2025-11-02T00:00:00Z,2025-12-08T00:00:00Z,NA,NA
2006601,BCAM3_2025Feb1_SD48,BCAM3,2025-01-04T00:00:00Z,2025-02-01T00:00:00Z,NA,NA
2006601,BCAM3_2025Feb15_SD51,BCAM3,2025-02-01T00:00:00Z,2025-02-15T00:00:00Z,NA,NA
2006601,BCAM3_2025Jan4_SD37,BCAM3,2024-12-21T00:00:00Z,2025-01-04T00:00:00Z,NA,NA
2006601,BCAM3_2025Jun29_SD47,BCAM3,2025-06-03T00:00:00Z,2025-06-29T00:00:00Z,NA,NA
2006601,BCAM3_2025Jun3_SD25,BCAM3,2025-04-25T00:00:00Z,2025-06-03T00:00:00Z,NA,NA
2006601,BCAM3_2025Mar15_SD60,BCAM3,2025-03-09T00:00:00Z,2025-03-15T00:00:00Z,NA,NA
2006601,BCAM3_2025Mar9_SD60,BCAM3,2025-02-15T00:00:00Z,2025-03-09T00:00:00Z,NA,NA
2006601,BCAM3_2025Nov2_SD46,BCAM3,2025-10-20T00:00:00Z,2025-11-02T00:00:00Z,NA,NA
2006601,BCAM3_2025Sep14_SD52,BCAM3,2025-08-04T00:00:00Z,2025-09-14T00:00:00Z,NA,NA
2006601,BCAM3_2026Apr12_SD34,BCAM3,2026-03-08T00:00:00Z,2026-04-12T00:00:00Z,NA,NA
2006601,BCAM3_2026Feb19_SD53,BCAM3,2026-01-11T00:00:00Z,2026-02-19T00:00:00Z,NA,NA
2006601,BCAM3_2026Jan11_SD40,BCAM3,2025-12-08T00:00:00Z,2026-01-11T00:00:00Z,NA,NA
2006601,BCAM3_2026Mar8_SD34,BCAM3,2026-02-19T00:00:00Z,2026-03-08T00:00:00Z,NA,NA
2006601,BCAM3_2026May30_SD66,BCAM3,2026-04-12T00:00:00Z,2026-05-30T00:00:00Z,NA,NA
2006601,BCAM4_2023Dec21_SD24,BCAM4,2023-11-05T00:00:00Z,2023-12-21T00:00:00Z,NA,NA
2006601,BCAM4_2024Apr6_SD25,BCAM4,2024-03-09T00:00:00Z,2024-04-06T00:00:00Z,NA,NA
2006601,BCAM4_2024Aug4_SD43,BCAM4,2024-06-26T00:00:00Z,2024-08-04T00:00:00Z,NA,NA
2006601,BCAM4_2024Dec21_SD46,BCAM4,2024-11-07T00:00:00Z,2024-12-21T00:00:00Z,NA,NA
2006601,BCAM4_2024Feb10_SD43,BCAM4,2024-01-27T00:00:00Z,2024-02-10T00:00:00Z,NA,NA
2006601,BCAM4_2024Jan13_SD43,BCAM4,2023-12-21T00:00:00Z,2024-01-13T00:00:00Z,NA,NA
2006601,BCAM4_2024Jan27_SD42,BCAM4,2024-01-13T00:00:00Z,2024-01-27T00:00:00Z,NA,NA
2006601,BCAM4_2024Jun1_SD42,BCAM4,2024-05-04T00:00:00Z,2024-06-01T00:00:00Z,NA,NA
2006601,BCAM4_2024Jun26_SD49,BCAM4,2024-06-01T00:00:00Z,2024-06-26T00:00:00Z,NA,NA
2006601,BCAM4_2024Mar9_SD34,BCAM4,2024-02-10T00:00:00Z,2024-03-09T00:00:00Z,NA,NA
2006601,BCAM4_2024May4_SD39,BCAM4,2024-04-06T00:00:00Z,2024-05-04T00:00:00Z,NA,NA
2006601,BCAM4_2024Sep6_SD40,BCAM4,2024-08-04T00:00:00Z,2024-09-06T00:00:00Z,NA,NA
2006601,BCAM4_2025Apr25_SD36,BCAM4,2025-03-15T00:00:00Z,2025-04-25T00:00:00Z,NA,NA
2006601,BCAM4_2025Aug4_SD59,BCAM4,2025-06-29T00:00:00Z,2025-08-04T00:00:00Z,NA,NA
2006601,BCAM4_2025Dec7_SD44,BCAM4,2025-11-02T00:00:00Z,2025-12-07T00:00:00Z,NA,NA
2006601,BCAM4_2025Feb15_SD47,BCAM4,2025-02-02T00:00:00Z,2025-02-06T00:00:00Z,NA,NA
2006601,BCAM4_2025Feb2_SD49,BCAM4,2025-01-05T00:00:00Z,2025-01-18T00:00:00Z,NA,NA
2006601,BCAM4_2025Jan5_SD40,BCAM4,2024-12-21T00:00:00Z,2025-01-05T00:00:00Z,NA,NA
2006601,BCAM4_2025Jun29_SD46,BCAM4,2025-06-03T00:00:00Z,2025-06-29T00:00:00Z,NA,NA
2006601,BCAM4_2025Jun3_SD43,BCAM4,2025-04-25T00:00:00Z,2025-06-03T00:00:00Z,NA,NA
2006601,BCAM4_2025Mar15_SD50,BCAM4,2025-02-15T00:00:00Z,2025-02-21T00:00:00Z,NA,NA
2006601,BCAM4_2025Nov2_SD44,BCAM4,2025-10-20T00:00:00Z,2025-11-02T00:00:00Z,NA,NA
2006601,BCAM4_2025Sep14_SD62,BCAM4,2025-08-04T00:00:00Z,2025-09-14T00:00:00Z,NA,NA
2006601,BCAM4_2026Apr12_SD40,BCAM4,2026-03-08T00:00:00Z,2026-04-12T00:00:00Z,NA,NA
2006601,BCAM4_2026Feb19_SD49,BCAM4,2026-01-11T00:00:00Z,2026-02-19T00:00:00Z,NA,NA
2006601,BCAM4_2026Jan11_SD54,BCAM4,2025-12-07T00:00:00Z,2026-01-11T00:00:00Z,NA,NA
2006601,BCAM4_2026Mar8_SD40,BCAM4,2026-02-19T00:00:00Z,2026-03-08T00:00:00Z,NA,NA
2006601,BCAM4_2026May30_SD25,BCAM4,2026-04-12T00:00:00Z,2026-05-30T00:00:00Z,NA,NA
2006601,BCAM4_SD12_13Mar23,BCAM4,2023-01-27T00:00:00Z,2023-03-13T00:00:00Z,NA,NA
2006601,BCAM4_SD4_27Jan23,BCAM4,2022-12-21T00:00:00Z,2023-01-27T00:00:00Z,NA,NA
2006601,BCAM5_SD16_27Jan23,BCAM5,2022-12-22T00:00:00Z,2023-01-05T00:00:00Z,NA,NA
2006601,BCAM6_SD26_27Jan23,BCAM6,2022-12-22T00:00:00Z,2023-01-27T00:00:00Z,NA,NA
2006601,BCAM6_SD29_13Mar23,BCAM6,2023-01-27T00:00:00Z,2023-03-13T00:00:00Z,NA,NA
2006601,BCAM7_2024Dec21_SD27,BCAM7,2024-11-07T00:00:00Z,2024-12-21T00:00:00Z,NA,NA
2006601,BCAM7_2025Apr25_SD59,BCAM7,2025-03-15T00:00:00Z,2025-04-25T00:00:00Z,NA,NA
2006601,BCAM7_2025Aug4_SD16,BCAM7,2025-06-29T00:00:00Z,2025-08-04T00:00:00Z,NA,NA
2006601,BCAM7_2025Dec7_SD50,BCAM7,2025-11-02T00:00:00Z,2025-12-07T00:00:00Z,NA,NA
2006601,BCAM7_2025Feb15_SD58,BCAM7,2025-02-02T00:00:00Z,2025-02-15T00:00:00Z,NA,NA
2006601,BCAM7_2025Feb2_SD44,BCAM7,2025-01-05T00:00:00Z,2025-02-02T00:00:00Z,NA,NA
2006601,BCAM7_2025Jan5_SD35,BCAM7,2024-12-21T00:00:00Z,2025-01-05T00:00:00Z,NA,NA
2006601,BCAM7_2025Jun29_SD66,BCAM7,2025-06-03T00:00:00Z,2025-06-29T00:00:00Z,NA,NA
2006601,BCAM7_2025Jun3_SD30,BCAM7,2025-04-25T00:00:00Z,2025-06-03T00:00:00Z,NA,NA
2006601,BCAM7_2025Mar15_SD45,BCAM7,2025-03-09T00:00:00Z,2025-03-15T00:00:00Z,NA,NA
2006601,BCAM7_2025Mar9_SD45,BCAM7,2025-02-15T00:00:00Z,2025-03-09T00:00:00Z,NA,NA
2006601,BCAM7_2025Nov2_SD50,BCAM7,2025-10-20T00:00:00Z,2025-11-02T00:00:00Z,NA,NA
2006601,BCAM7_2025Sep14_SD64,BCAM7,2025-08-04T00:00:00Z,2025-09-14T00:00:00Z,NA,NA
2006601,BCAM7_2026Apr12_SD51,BCAM7,2026-03-08T00:00:00Z,2026-04-12T00:00:00Z,NA,NA
2006601,BCAM7_2026Feb19_SD37,BCAM7,2026-01-11T00:00:00Z,2026-02-19T00:00:00Z,NA,NA
2006601,BCAM7_2026Jan11_SD36,BCAM7,2025-12-07T00:00:00Z,2026-01-11T00:00:00Z,NA,NA
2006601,BCAM7_2026Mar8_SD51,BCAM7,2026-02-19T00:00:00Z,2026-03-08T00:00:00Z,NA,NA
2006601,BCAM7_2026May30_SD62,BCAM7,2026-04-12T00:00:00Z,2026-05-30T00:00:00Z,NA,NA
2006601,BCAM9_2023Dec21_SD39,BCAM9,2023-11-04T00:00:00Z,2023-11-11T00:00:00Z,NA,NA
2006601,BCAM9_2024Apr6_SD24,BCAM9,2024-03-09T00:00:00Z,2024-04-06T00:00:00Z,NA,NA
2006601,BCAM9_2024Aug4_SD53,BCAM9,2024-06-26T00:00:00Z,2024-08-04T00:00:00Z,NA,NA
2006601,BCAM9_2024Dec21_SD49,BCAM9,2024-11-07T00:00:00Z,2024-12-21T00:00:00Z,NA,NA
2006601,BCAM9_2024Feb10_SD41,BCAM9,2024-01-27T00:00:00Z,2024-02-10T00:00:00Z,NA,NA
2006601,BCAM9_2024Jan13_SD44,BCAM9,2023-12-21T00:00:00Z,2024-01-13T00:00:00Z,NA,NA
2006601,BCAM9_2024Jan27_SD37,BCAM9,2024-01-13T00:00:00Z,2024-01-27T00:00:00Z,NA,NA
2006601,BCAM9_2024Jun1_SD32,BCAM9,2024-05-04T00:00:00Z,2024-06-01T00:00:00Z,NA,NA
2006601,BCAM9_2024Jun26_SD46,BCAM9,2024-06-01T00:00:00Z,2024-06-26T00:00:00Z,NA,NA
2006601,BCAM9_2024Mar9_SD44,BCAM9,2024-02-10T00:00:00Z,2024-03-09T00:00:00Z,NA,NA
2006601,BCAM9_2024May4_SD22,BCAM9,2024-04-06T00:00:00Z,2024-05-04T00:00:00Z,NA,NA
2006601,BCAM9_2024Sep6_SD35,BCAM9,2024-08-04T00:00:00Z,2024-09-06T00:00:00Z,NA,NA
2006601,BCAM9_2025Apr25_SD67,BCAM9,2025-03-15T00:00:00Z,2025-04-25T00:00:00Z,NA,NA
2006601,BCAM9_2025Aug4_SD65,BCAM9,2025-06-29T00:00:00Z,2025-08-04T00:00:00Z,NA,NA
2006601,BCAM9_2025Dec8_SD31,BCAM9,2025-11-02T00:00:00Z,2025-12-08T00:00:00Z,NA,NA
2006601,BCAM9_2025Feb1_SD60,BCAM9,2025-01-04T00:00:00Z,2025-02-01T00:00:00Z,NA,NA
2006601,BCAM9_2025Feb15_SD55,BCAM9,2025-02-01T00:00:00Z,2025-02-15T00:00:00Z,NA,NA
2006601,BCAM9_2025Jan4_SD55,BCAM9,2024-12-21T00:00:00Z,2025-01-04T00:00:00Z,NA,NA
2006601,BCAM9_2025Jun29_SD31,BCAM9,2025-06-03T00:00:00Z,2025-06-29T00:00:00Z,NA,NA
2006601,BCAM9_2025Jun3_SD29,BCAM9,2025-04-25T00:00:00Z,2025-06-03T00:00:00Z,NA,NA
2006601,BCAM9_2025Mar15_SD62,BCAM9,2025-03-09T00:00:00Z,2025-03-15T00:00:00Z,NA,NA
2006601,BCAM9_2025Mar9_SD62,BCAM9,2025-02-15T00:00:00Z,2025-03-09T00:00:00Z,NA,NA
2006601,BCAM9_2025Nov2_SD31,BCAM9,2025-10-20T00:00:00Z,2025-11-02T00:00:00Z,NA,NA
2006601,BCAM9_2025Sep14_SD56,BCAM9,2025-08-04T00:00:00Z,2025-09-14T00:00:00Z,NA,NA
2006601,BCAM9_2026Apr12_SD56,BCAM9,2026-03-08T00:00:00Z,2026-04-12T00:00:00Z,NA,NA
2006601,BCAM9_2026Feb19_SD44,BCAM9,2026-01-11T00:00:00Z,2026-02-19T00:00:00Z,NA,NA
2006601,BCAM9_2026Jan11_SD33,BCAM9,2025-12-08T00:00:00Z,2026-01-11T00:00:00Z,NA,NA
2006601,BCAM9_2026Mar8_SD56,BCAM9,2026-02-19T00:00:00Z,2026-03-08T00:00:00Z,NA,NA
2006601,BCAM9_2026May30_SD58,BCAM9,2026-04-12T00:00:00Z,2026-05-30T00:00:00Z,NA,NA
2006496,CA_Beach_PointReyes_Loc01_Dep01_2023,BCAM14,2023-09-05T00:00:00Z,2023-10-20T00:00:00Z,NA,NA
2006496,CA_Beach_PointReyes_Loc02_Dep01_2023,BCAM9,2023-09-05T00:00:00Z,2023-11-04T00:00:00Z,NA,NA
2006496,CA_Beach_PointReyes_Loc03_Dep01_2023,BCAM8,2023-09-05T00:00:00Z,2023-09-20T00:00:00Z,NA,NA
2006496,CA_Beach_PointReyes_Loc03_Dep02_2023,BCAM8,2023-09-24T00:00:00Z,2023-10-07T00:00:00Z,NA,NA
2006496,CA_Beach_PointReyes_Loc03_Dep03_2023,BCAM8,2023-10-24T00:00:00Z,2023-11-04T00:00:00Z,NA,NA
2006496,CA_Beach_PointReyes_Loc04_Dep01_2023,BCAM3,2023-09-05T00:00:00Z,2023-11-04T00:00:00Z,NA,NA
2006496,CA_Beach_PointReyes_Loc05_Dep01_2023,BCAM26,2023-09-05T00:00:00Z,2023-09-09T00:00:00Z,NA,NA
2006496,CA_Beach_PointReyes_Loc05_Dep02_2023,BCAM26,2023-09-24T00:00:00Z,2023-11-04T00:00:00Z,NA,NA
2006496,CA_Beach_PointReyes_Loc06_Dep01_2023,BCAM1,2023-09-24T00:00:00Z,2023-10-24T00:00:00Z,NA,NA
2006496,CA_Beach_PointReyes_Loc06_Dep02_2023,BCAM1,2023-10-24T00:00:00Z,2023-11-04T00:00:00Z,NA,NA
2006496,CA_Beach_PointReyes_Loc07_Dep01_2023,BCAM4,2023-09-05T00:00:00Z,2023-11-05T00:00:00Z,NA,NA
2006496,CA_Beach_PointReyes_Loc08_Dep01_2023,BCAM11,2023-09-05T00:00:00Z,2023-10-19T00:00:00Z,NA,NA
2006496,CA_Beach_PointReyes_Loc08_Dep02_2023,BCAM11,2023-10-24T00:00:00Z,2023-11-05T00:00:00Z,NA,NA
2006496,CA_Beach_PointReyes_Loc09_Dep01_2023,BCAM13,2023-09-06T00:00:00Z,2023-11-05T00:00:00Z,NA,NA
2010105,CA_Beach_PointReyes_loc1_D1_2025,BCAM1,2025-09-14T00:00:00Z,2025-10-20T00:00:00Z,NA,NA
2007780,CA_Beach_PointReyes_Loc1_Dep1_2024,BCAM14,2024-09-06T00:00:00Z,2024-10-07T00:00:00Z,NA,NA
2007780,CA_Beach_PointReyes_Loc1_Dep2_2024,BCAM14,2024-10-07T00:00:00Z,2024-11-02T00:00:00Z,NA,NA
2007780,CA_Beach_PointReyes_Loc1_Dep3_2024,BCAM14,2024-11-03T00:00:00Z,2024-11-07T00:00:00Z,NA,NA
2010105,CA_Beach_PointReyes_loc10_D1_2025,BCAM20,2025-09-12T00:00:00Z,2025-10-21T00:00:00Z,NA,NA
2007780,CA_Beach_PointReyes_Loc10_Dep1_2024,BCAM7,2024-09-06T00:00:00Z,2024-10-07T00:00:00Z,NA,NA
2007780,CA_Beach_PointReyes_Loc10_Dep2_2024,BCAM7,2024-10-07T00:00:00Z,2024-11-02T00:00:00Z,NA,NA
2007780,CA_Beach_PointReyes_Loc10_Dep3_2024,BCAM7,2024-11-03T00:00:00Z,2024-11-07T00:00:00Z,NA,NA
2010105,CA_Beach_PointReyes_loc11_D1_2025,BCAM21,2025-09-12T00:00:00Z,2025-10-21T00:00:00Z,NA,NA
2010105,CA_Beach_PointReyes_loc12_D1_2025,BCAM22,2025-09-12T00:00:00Z,2025-10-21T00:00:00Z,NA,NA
2010105,CA_Beach_PointReyes_loc13_D1_2025,BCAM23,2025-09-14T00:00:00Z,2025-10-12T00:00:00Z,NA,NA
2010105,CA_Beach_PointReyes_loc14_D1_2025,BCAM24,2025-09-12T00:00:00Z,2025-10-21T00:00:00Z,NA,NA
2010105,CA_Beach_PointReyes_loc15_D1_2025,BCAM25,2025-09-12T00:00:00Z,2025-10-21T00:00:00Z,NA,NA
2010105,CA_Beach_PointReyes_loc16_D1_2025,BCAM26,2025-09-14T00:00:00Z,2025-10-05T00:00:00Z,NA,NA
2010105,CA_Beach_PointReyes_loc17_D1_2025,BCAM27,2025-09-12T00:00:00Z,2025-10-21T00:00:00Z,NA,NA
2010105,CA_Beach_PointReyes_loc2_D1_2025,BCAM3,2025-09-14T00:00:00Z,2025-10-20T00:00:00Z,NA,NA
2007780,CA_Beach_PointReyes_Loc2_Dep1_2024,BCAM9,2024-09-06T00:00:00Z,2024-10-07T00:00:00Z,NA,NA
2007780,CA_Beach_PointReyes_Loc2_Dep2_2024,BCAM9,2024-10-07T00:00:00Z,2024-11-02T00:00:00Z,NA,NA
2007780,CA_Beach_PointReyes_Loc2_Dep3_2024,BCAM9,2024-11-03T00:00:00Z,2024-11-07T00:00:00Z,NA,NA
2010105,CA_Beach_PointReyes_loc3_D1_2025,BCAM4,2025-09-14T00:00:00Z,2025-10-20T00:00:00Z,NA,NA
2010105,CA_Beach_PointReyes_loc4_D1_2025,BCAM7,2025-09-14T00:00:00Z,2025-10-20T00:00:00Z,NA,NA
2007780,CA_Beach_PointReyes_Loc4_Dep1_2024,BCAM3,2024-09-06T00:00:00Z,2024-10-07T00:00:00Z,NA,NA
2007780,CA_Beach_PointReyes_Loc4_Dep2_2024,BCAM3,2024-10-07T00:00:00Z,2024-11-02T00:00:00Z,NA,NA
2007780,CA_Beach_PointReyes_Loc4_Dep3_2024,BCAM3,2024-11-03T00:00:00Z,2024-11-07T00:00:00Z,NA,NA
2010105,CA_Beach_PointReyes_loc5_D1_2025,BCAM9,2025-09-14T00:00:00Z,2025-10-20T00:00:00Z,NA,NA
2007780,CA_Beach_PointReyes_Loc5_Dep1_2024,BCAM26,2024-09-06T00:00:00Z,2024-10-07T00:00:00Z,NA,NA
2007780,CA_Beach_PointReyes_Loc5_Dep2_2024,BCAM26,2024-10-07T00:00:00Z,2024-11-02T00:00:00Z,NA,NA
2007780,CA_Beach_PointReyes_Loc5_Dep3_2024,BCAM26,2024-11-03T00:00:00Z,2024-11-07T00:00:00Z,NA,NA
2010105,CA_Beach_PointReyes_loc6_D1_2025,BCAM11,2025-09-14T00:00:00Z,2025-10-20T00:00:00Z,NA,NA
2007780,CA_Beach_PointReyes_Loc6_Dep1_2024,BCAM1,2024-09-06T00:00:00Z,2024-10-07T00:00:00Z,NA,NA
2007780,CA_Beach_PointReyes_Loc6_Dep2_2024,BCAM1,2024-10-07T00:00:00Z,2024-11-02T00:00:00Z,NA,NA
2007780,CA_Beach_PointReyes_Loc6_Dep3_2024,BCAM1,2024-11-03T00:00:00Z,2024-11-07T00:00:00Z,NA,NA
2010105,CA_Beach_PointReyes_loc7_D1_2025,BCAM13,2025-09-14T00:00:00Z,2025-10-20T00:00:00Z,NA,NA
2007780,CA_Beach_PointReyes_Loc7_Dep1_2024,BCAM4,2024-09-06T00:00:00Z,2024-10-07T00:00:00Z,NA,NA
2007780,CA_Beach_PointReyes_Loc7_Dep2_2024,BCAM4,2024-10-07T00:00:00Z,2024-11-02T00:00:00Z,NA,NA
2007780,CA_Beach_PointReyes_Loc7_Dep3_2024,BCAM4,2024-11-03T00:00:00Z,2024-11-07T00:00:00Z,NA,NA
2010105,CA_Beach_PointReyes_loc8_D1_2025,BCAM15,2025-09-14T00:00:00Z,2025-10-20T00:00:00Z,NA,NA
2007780,CA_Beach_PointReyes_Loc8_Dep1_2024,BCAM11,2024-09-06T00:00:00Z,2024-10-07T00:00:00Z,NA,NA
2007780,CA_Beach_PointReyes_Loc8_Dep2_2024,BCAM11,2024-10-07T00:00:00Z,2024-11-02T00:00:00Z,NA,NA
2007780,CA_Beach_PointReyes_Loc8_Dep3_2024,BCAM11,2024-11-03T00:00:00Z,2024-11-07T00:00:00Z,NA,NA
2010105,CA_Beach_PointReyes_loc9_D1_2025,BCAM19,2025-09-12T00:00:00Z,2025-10-21T00:00:00Z,NA,NA
2007780,CA_Beach_PointReyes_Loc9_Dep1_2024,BCAM13,2024-09-06T00:00:00Z,2024-10-07T00:00:00Z,NA,NA
2007780,CA_Beach_PointReyes_Loc9_Dep2_2024,BCAM13,2024-10-07T00:00:00Z,2024-11-02T00:00:00Z,NA,NA
2007780,CA_Beach_PointReyes_Loc9_Dep3_2024,BCAM13,2024-11-03T00:00:00Z,2024-11-07T00:00:00Z,NA,NA