Sample ID,Box,Collection Date,Latitude,Longitude
PR 1 ,1,19 Dec 22,38.046250,-122.972980
PR 8,1,19 Dec 22,38.022500,-122.972730
PR 11,1,19 Dec 22,38.021870,-122.971190
PR 18,1,19 Dec 22,38.017530,-122.978480
PR 19,1,19 Dec 22,38.016410,-122.977500
PR 23,1,19 Dec 22,38.010870,-122.981670
PR 25,1,20 Dec 22,38.031350,-122.950000
PR 27,1,20 Dec 22,38.031210,-122.950660
PR 30,1,20 Dec 22,38.028650,-122.961720
PR 31,1,20 Dec 22,37.997220,-122.981650
PR 34,1,20 Dec 22,37.996830,-122.980780
PR 37,1,28 Jan 23,38.029902,-122.961994
PR 38,1,28 Jan 23,38.029944,-122.956526
PR 39,1,28 Jan 23,38.030000,-122.956208
PR 49,1,29 Jan 23,37.99238,-122.97066
PR 50,1,29 Jan 23,37.99142,-122.96701
PR 51,1,29 Jan 23,37.99100,-122.96920
PR 53,1,29 Jan 23,37.99426,-122.97718
PR 54,1,29 Jan 23,37.99474,-122.97917
PR 55,1,12 May 23,37.90139,-122.71611
PR 56,1,12 May 23,38.05100,-122.98747
PR 60,1,5 Sept 23,38.03228,-122.93929
PR 61,1,5 Sept 23,38.02796,-122.95863
PR 63,1,5 Sept 23,38.02164,-122.97128
PR 65,1,5 Sept 23,38.08720,-122.93085
PR 66,1,24 Sept 23,38.03236,-122.93722
PR 67,1,24 Sept 23,38.02090,-122.97179
PR 69,1,24 Sept 23,38.01092,-122.98161
PR 70,1,24 Sept 23,38.01078,-122.98112
PR 71,1,24 Sept 23,38.01073,-122.98112
PR 73,1,24 Sept 23,38.01203,-122.98079
PR 74,1,24 Sept 23,38.01332,-122.97986
PR 75,1,24 Sept 23,38.01358,-122.97977
PR 77,1,24 Sept 23,38.02175,-122.97121
PR 80,1,24 Sept 23,38.02768,-122.96370
PR 81,1,24 Sept 23,38.02813,-122.96343
PR 82,1,24 Sept 23,38.02810,-122.96342
PR 85,1,24 Oct 23,38.03422,-122.9470423
PR 86,1,24 Oct 23,38.03417,-122.9467611
PR 88,1,24 Oct 23,38.03417,-122.9463655
PR 89,1,24 Oct 23,38.03422,-122.9455447
PR 90,1,24 Oct 23,38.03415,-122.9442911
PR 91,1,24 Oct 23,38.03415,-122.9442330
PR 92,1,24 Oct 23,38.03601,-122.9636392
PR 93,1,24 Oct 23,38.11553,-122.8728458
PR 99,1,4 Nov 23,38.02825,-122.96106
PR 101,1,29 Jun 23,38.04561,-122.97221
PR 103,1,29 Jun 23,38.02812,-122.96346
PR 104,1,29 Jun 23,38.02712,-122.96243
PR 107,1,29 Jun 23,38.01598,-122.97703
PR 109,1,29 Jun 23,38.02801,-122.96345
PR 110,1,29 Jun 23,38.02801,-122.96346
PR 113,1,29 Jun 23,38.02805,-122.96342
PR 114,1,29 Jun 23,38.02805,-122.96343
PR 115,1,29 Jun 23,38.02805,-122.96343
PR 116,1,29 Jun 23,38.02805,-122.96344
PR 118,1,29 Jun 23,38.03202,-122.95190
PR 119,1,29 Jun 23,38.03131,-122.94781
PR 120,1,29 Jun 23,38.03162,-122.94743
PR 121,1,29 Jun 23,38.03422,-122.94536
PR 122,1,29 Jun 23,38.03431,-122.94370
PR 126,1,29 Jun 23,38.03134,-122.94777
PR 134,1,30 Jun 23,38.03109,-122.88415
PR 135,1,30 Jun 23,38.02894,-122.96214
PR 136,1,30 Jun 23,38.02897,-122.96211
PR 140,1,4 Nov 23,38.02824,-122.96047
PR 141,1,4 Nov 23,38.02819,-122.96017
PR 144,1,4 Nov 23,38.03434,-122.93966
PR 148,1,4 Nov 23,37.99810,-122.98397
PR 149,1,4 Nov 23,37.99809,-122.98404
PR 151,1,4 Nov 23,37.99812,-122.98512
PR 152,1,4 Nov 23,37.99937,-122.98481
PR 154,2,4 Nov 23,37.99965,-122.98492
PR 156,2,4 Nov 23,38.00187,-122.98521
PR 158,2,5 Nov 23,38.02088,-122.97215
PR 159,2,5 Nov 23,38.01942,-122.97371
PR 160,2,5 Nov 23,38.02262,-122.97023
PR 161,2,5 Nov 23,38.02306,-122.96995
PR 163,2,5 Nov 23,38.02617,-122.96426
PR 170,2,5 Nov 23,37.99389,-122.97611
PR 171,2,5 Nov 23,37.99346,-122.97427
PR 172,2,5 Nov 23,37.99317,-122.97189
PR 173,2,5 Nov 23,37.99222,-122.97028
PR 174,2,5 Nov 23,37.99194,-122.96944
PR 175,2,5 Nov 23,37.99222,-122.96944
PR 177,2,5 Nov 23,37.99056,-122.96583
PR 178,2,5 Nov 23,37.99083,-122.96778
PR 179,2,5 Nov 23,37.99083,-122.96806
PR 180,2,5 Nov 23,37.99222,-122.97194
PR 182,2,5 Nov 23,37.99651,-122.97962
PR 185,2,13 Jan 24,38.02825,-122.96013
PR 186,2,13 Jan 24,38.02904,-122.95766
PR 187,2,13 Jan 24,38.03181,-122.9475
PR 189,2,13 Jan 24,38.03192,-122.9474
PR 190,2,13 Jan 24,38.03185,-122.94839
PR 192,2,13 Jan 24,38.03418,-122.94672
PR 193,2,13 Jan 24,38.03416,-122.94663
PR 196,2,13 Jan 24,38.03525,-122.94216
PR 197,2,13 Jan 24,38.03303,-122.93806
PR 198,2,13 Jan 24,38.03217,-122.93608
PR 199,2,13 Jan 24,38.02227,-122.97066
PR 200,2,13 Jan 24,38.02227,-122.97066
PR 201,2,13 Jan 24,38.02227,-122.97066
PR 202,2,13 Jan 24,38.02227,-122.97066
PR 203,2,13 Jan 24,38.02227,-122.97066
PR 204,2,13 Jan 24,38.01875,-122.97668
PR 205,2,13 Jan 24,38.02237,-122.97045
PR 206,2,27 Jan 24,38.02681,-122.96333
PR 208,2,27 Jan 24,38.02227,-122.97063
PR 210,2,27 Jan 24,38.02221,-122.97069
PR 212,2,27 Jan 24,38.02183,-122.97104
PR 214,2,27 Jan 24,38.01854,-122.97517
PR 215,2,27 Jan 24,38.01854,-122.97517
PR 216,2,27 Jan 24,38.01844,-122.97537
PR 217,2,27 Jan 24,38.01842,-122.97538
PR 218,2,27 Jan 24,38.0175,-122.97656
PR 219,2,27 Jan 24,38.01616,-122.97720
PR 220,2,27 Jan 24,38.01604,-122.97706
PR 221,2,27 Jan 24,38.02202,-122.97084
PR 222,2,10 Feb 24,38.01949,-122.97477
PR 224,2,10 Feb 24,38.02932,-122.95650
PR 225,2,10 Feb 24,38.03156,-122.94044
PR 228,2,11 Feb 24,37.99428,-122.97442
PR 229,2,9 March 24,38.02827,-122.96053
PR 230,2,9 March 24,38.02822,-122.96010
PR 231,2,9 March 24,38.02821,-122.95990
PR 232,2,9 March 24,38.02933,-122.95647
PR 234,2,9 March 24,38.03153,-122.95149
PR 235,2,9 March 24,38.03131,-122.95092
PR 237,2,9 March 24,38.03154,-122.94719
PR 238,2,9 March 24,38.03340,-122.94717
PR 239,2,9 March 24,38.03394,-122.96744
PR 240,2,9 March 24,38.03418,-122.94670
PR 241,2,9 March 24,38.03418,-122.94653
PR 242,2,9 March 24,38.03420,-122.94621
PR 243,2,9 March 24,38.03419,-122.94521
PR 244,2,9 March 24,38.03535,-122.94296
PR 245,2,9 March 24,38.02158,-122.97110
PR 246,2,9 March 24,38.02161,-122.97118
PR 247,2,9 March 24,38.01670,-122.97636
PR 248,2,9 March 24,38.01618,-122.97713
PR 249,2,9 March 24,38.01064,-122.98124
PR 250,2,9 March 24,37.99638,-122.98000
PR 252,2,9 March 24,37.99569,-122.97903
PR 253,3,9 March 24,37.99488,-122.97935
PR 254,3,9 March 24,37.09974,-122.98373
PR 256,3,9 March 24,38.00027,-122.98413
PR 257,3,9 March 24,38.00089,-122.98471
PR 258,3,10 March 24,38.00201,-122.98513
PR 259,3,10 March 24,38.00226,-122.98492
PR 260,3,10 March 24,38.00490,-122.98454
PR 261,3,10 March 24,38.00632,-122.98392
PR 262,3,10 March 24,38.01255,-122.98119
PR 264,3,10 March 24,38.00198,-122.98517
PR 266,3,10 March 24,37.99667,-122.98165
PR 267,3,6 Apr 24,38.02687,-122.96332
PR 268,3,6 Apr 24,38.02228,-122.97065
PR 269,3,6 Apr 24,38.02225,-122.97066
PR 270,3,6 Apr 24,38.02118,-122.9725
PR 272,3,6 Apr 24,38.01223,-122.9813
PR 273,3,6 Apr 24,38.01149,-122.98042
PR 274,3,6 Apr 24,38.01577,-122.97710
PR 275,3,6 Apr 24,38.01578,-122.97710
PR 281,3,4 May 24,38.02335,-122.96946
PR 282,3,4 May 24,38.02274,-122.97102
PR 284,3,4 May 24,38.02275,-122.97083
PR 285,3,4 May 24,38.02296,-122.97104
PR 286,3,4 May 24,38.02294,-122.97105
PR 287,3,4 May 24,38.02299,-122.97111
PR 290,3,4 May 24,38.01999,-122.97410
PR 291,3,4 May 24,38.02002,-122.97411
PR 292,3,4 May 24,38.0199,-122.9743
PR 294,3,4 May 24,38.02048,-122.97622
PR 295,3,4 May 24,38.02057,-122.97648
PR 296,3,5 May 24,38.03595,-122.96371
PR 298,3,5 May 24,38.02892,-122.96217
PR 300,3,4 May 24,38.0316571,-122.95214
PR 301,3,4 May 24,38.031339,-122.95277
PR 302,3,4 May 24,38.0323503,-122.93831
PR 303,3,4 May 24,38.0313615,-122.95005
PR 304,3,4 May 24,38.03320,-122.93827
PR 305,3,4 May 24,38.03304,-122.93858
PR 306,3,4 May 24,38.01633,-122.97670
PR 307,3,5 May 24,38.02814,-122.96342
PR 308,3,5 May 24,37.99418,-122.97764
PR 309,3,5 May 24,37.9935,-122.97513
PR 310,3,5 May 24,37.99659,-122.98111
PR 311,3,5 May 24,38.00198,-122.98515
PR 312,3,5 May 24,38.00227,-122.98491
PR 313,3,5 May 24,38.00467,-122.98411
PR 314,3,5 May 24,38.00306,-122.98529
PR 318,3,26 Jun 24,38.01067,-122.98193
PR 319,3,26 Jun 24,38.03108,-122.95025
PR 320,3,26 Jun 24,38.03109,-122.95020
PR 321,3,26 Jun 24,38.03102,-122.95016
PR 322,3,26 Jun 24,38.03133,-122.95158
PR 323,3,26 Jun 24,38.03173,-122.95226
PR 324,3,26 Jun 24,38.02856,-122.96303
PR 325,3,26 Jun 24,38.03407,-122.96292
PR 326,3,26 Jun 24,38.03447,-122.96307
PR 328,3,26 Jun 24,38.03449,-122.96308
PR 329,3,26 Jun 24,38.04763,-122.97363
PR 330,3,26 Jun 24,38.07573,-122.97107
PR 331,3,26 Jun 24,38.07605,-122.96880
PR 332,3,4 Aug 24,38.03127,-122.95301
PR 333,3,4 Aug 24,38.03143,-122.95246
PR 334,3,4 Aug 24,38.03172,-122.95232
PR 335,3,4 Aug 24,38.03164,-122.95169
PR 337,3,4 Aug 24,38.03239,-122.93597
PR 338,3,4 Aug 24,38.03169,-122.93719
PR 339,3,4 Aug 24,38.03205,-122.93679
PR 340,3,4 Aug 24,38.01057,-122.98140
PR 342,3,4 Aug 24,38.01083,-122.98161
PR 343,3,4 Aug 24,38.01083,-122.98161
PR 344,3,5 Aug 24,37.99567,-122.97892
PR 346,3,5 Aug 24,37.99470,-122.97643
PR 347,3,5 Aug 24,37.99466,-122.97618
PR 348,3,5 Aug 24,37.99395,-122.97343
PR 349,3,5 Aug 24,37.99411,-122.97400
PR 350,3,5 Aug 24,37.99357,-122.97404
PR 351,3,5 Aug 24,37.99328,-122.97361
PR 352,3,5 Aug 24,37.99466,-122.97893
PR 353,4,5 Aug 24,37.99845,-123.00059
PR 354,4,5 Aug 24,38.00297,-123.01105
PR 355,4,5 Aug 24,38.00425,-123.00457
PR 356,4,5 Aug 24,38.00201,-123.00114
PR 357,4,5 Aug 24,38.00130,-123.00003
PR 359,4,5 Aug 24,38.07604,-122.96960
PR 360,4,5 Aug 24,38.07600,-122.96892
PR 361,4,6 Sep 24,38.06036,-122.97350
PR 362,4,6 Sep 24,38.06059,-122.97341
PR 364,4,6 Sep 24,38.00491,-122.98383
PR 365,4,6 Sep 24,38.00491,-122.98383
PR 366,4,6 Sep 24,38.00491,-122.98383
PR 367,4,6 Sep 24,38.00533,-122.98367
PR 368,4,6 Sep 24,38.00533,-122.98367
PR 371,4,6 Sep 24,38.03126,-122.94543
PR 372,4,7 Oct 24,37.99619,-122.97891
PR 373,4,7 Oct 24,37.99619,-122.97870
PR 374,4,7 Oct 24,37.99492,-122.97739
PR 375,4,7 Oct 24,37.99480,-122.97688
PR 376,4,7 Oct 24,37.99467,-122.97614
PR 377,4,7 Oct 24,37.99460,-122.97585
PR 378,4,7 Oct 24,37.99447,-122.97503
PR 379,4,20 Dec 24,38.06130,-122.97330
PR 380,4,20 Dec 24,38.06149,-122.97329
PR 382,4,20 Dec 24,38.04147,-122.99180
PR 383,4,21 Dec 24,38.01561,-122.97836
PR 384,4,21 Dec 24,38.01082,-122.98148
PR 385,4,21 Dec 24,38.01082,-122.98148
PR 386,4,21 Dec 24,38.01375,-122.98005
PR 387,4,4 Jan 25,38.00698,-122.00710
PR 388,4,4 Jan 25,38.00764,-122.00510
PR 389,4,4 Jan 25,38.03189,-122.93519
PR 390,4,5 Jan 25,38.01622,-122.97713
PR 391,4,5 Jan 25,38.01709,-122.97539
PR 392,4,1 Feb 25,38.03525,-122.99439
PR 393,4,1 Feb 25,38.03523,-122.99439
PR 394,4,1 Feb 25,38.03506,-122.99450
PR 395,4,1 Feb 25,38.03532,-122.99352
PR 396,4,1 Feb 25,38.00775,-122.99827
PR 397,4,1 Feb 25,38.00775,-122.99827
PR 398,4,1 Feb 25,38.00291,-122.01024
PR 399,4,1 Feb 25,38.00760,-122.00496
PR 401,4,2 Feb 25,38.00621,-122.98416
PR 402,4,2 Feb 25,38.00629,-122.98403
PR 403,4,2 Feb 25,38.01061,-122.98128
PR 404,4,2 Feb 25,38.01579,-122.97827
PR 405,4,2 Feb 25,38.02234,-122.97039
PR 406,4,2 Feb 25,38.02341,-122.96938
PR 407,4,2 Feb 25,38.02353,-122.96915
PR 408,4,15 Feb 25,38.02758,-122.96343
PR 409,4,15 Feb 25,38.03024,-122.95393
PR 410,4,16 Feb 25,38.03514,-122.99251
PR 411,4,16 Feb 25,38.03500,-122.99212
PR 412,4,16 Feb 25,38.03495,-122.99208
PR 413,4,16 Feb 25,38.03051,-122.99251
PR 414,4,16 Feb 25,38.00709,-122.00759
PR 415,4,16 Feb 25,38.00805,-122.99871
PR 416,4,25 Apr 25,38.00488,-122.98381
PR 417,4,26 Apr 25,38.01082,-123.00622
PR 418,4,26 Apr 25,38.00785,-123.00764
PR 419,4,26 Apr 25,38.01372,-123.00487
PR 420,4,26 Apr 25,38.01392,-123.00471
PR 421,4,26 Apr 25,38.01394,-123.00471
PR 422,4,3 Jun 25,38.03139,-122.94509
PR 500,4,15 Feb 25,38.0303730,-122.9610660
PR 508,4,16 Feb 25,38.0334410,-122.9897300
PR 509,4,15 Feb 25,38.02625,-122.9640500
PR 510,4,15 Feb 25,38.02485,-122.9671800
PR 513,4,15 Feb 25,38.0270440,-122.9629800
PR 516,4,16 Feb 25,38.0339370,-122.9907520
PR 525,4,12 Sept 25,38.01677,-122.00555
PR 607,4,1 Jun 24,38.0315947,-122.95226
PR 608,4,1 Jun 24,38.0317313,-122.95227
PR 609,4,1 Jun 24,38.0319138,-122.95197
PR 612,4,1 Jun 24,38.02225,-122.97067
PR 613,4,1 Jun 24,38.02225,-122.97067
PR 616,4,1 Jun 24,38.01660,-122.97635
PR 617,4,1 Jun 24,38.02711,-122.96242